iso_code,continent,location,LOC,date,total_cases,new_cases,new_cases_smoothed,total_deaths,new_deaths,new_deaths_smoothed,total_cases_per_million,new_cases_per_million,new_cases_smoothed_per_million,total_deaths_per_million,new_deaths_per_million,new_deaths_smoothed_per_million,reproduction_rate,icu_patients,icu_patients_per_million,hosp_patients,hosp_patients_per_million,weekly_icu_admissions,weekly_icu_admissions_per_million,weekly_hosp_admissions,weekly_hosp_admissions_per_million,total_tests,new_tests,total_tests_per_thousand,new_tests_per_thousand,new_tests_smoothed,new_tests_smoothed_per_thousand,positive_rate,tests_per_case,tests_units,total_vaccinations,people_vaccinated,people_fully_vaccinated,total_boosters,new_vaccinations,new_vaccinations_smoothed,total_vaccinations_per_hundred,people_vaccinated_per_hundred,people_fully_vaccinated_per_hundred,total_boosters_per_hundred,new_vaccinations_smoothed_per_million,new_people_vaccinated_smoothed,new_people_vaccinated_smoothed_per_hundred,stringency_index,population_density,median_age,aged_65_older,aged_70_older,gdp_per_capita,extreme_poverty,cardiovasc_death_rate,diabetes_prevalence,female_smokers,male_smokers,handwashing_facilities,hospital_beds_per_thousand,life_expectancy,human_development_index,population,excess_mortality_cumulative_absolute,excess_mortality_cumulative,excess_mortality,excess_mortality_cumulative_per_million
AFG,Asia,afghanistan,Afghanistan,11/3/2022,203395,130,112.429,7825,2,0.714,4945.321,3.161,2.734,190.256,0.049,0.017,,,,,,,,,,,,,,,,,,,,,,,,,,,,,,,,,54.422,18.6,2.581,1.337,1803.987,,597.029,9.59,,,37.746,0.5,64.83,0.511,41128772,,,,
OWID_AFR,,africa,Africa,11/3/2022,12388153,894,908.286,256982,1,8.143,8682.859,0.627,0.637,180.119,0.001,0.006,,,,,,,,,,,,,,,,,,,,,,,,,,,,,,,,,,,,,,,,,,,,,,,1426736614,,,,
ALB,Europe,albania,Albania,11/3/2022,332996,0,15.286,3593,0,0,117156.49,0,5.378,1264.109,0,0,,,,,,,,,,,,,,,,,,,,,,,,,,,,,,,,,104.871,38,13.188,8.643,11803.431,1.1,304.195,10.08,7.1,51.2,,2.89,78.57,0.795,2842318,,,,
DZA,Africa,algeria,Algeria,11/3/2022,270847,7,4.286,6881,0,0,6031.794,0.156,0.095,153.241,0,0,,,,,,,,,,,,,,,,,,,,,,,,,,,,,,,,,17.348,29.1,6.211,3.857,13913.839,0.5,278.364,6.73,0.7,30.4,83.741,1.9,76.88,0.748,44903228,,,,
AND,Europe,andorra,Andorra,11/3/2022,46588,0,7.571,155,0,0,583495.109,0,94.829,1941.31,0,0,,,,,,,,,,,,,,,,,,,,,,,,,,,,,,,,,163.755,,,,,,109.135,7.97,29,37.8,,,83.73,0.868,79843,,,,
AGO,Africa,angola,Angola,11/3/2022,103131,0,0,1917,0,0,2897.834,0,0,53.865,0,0,,,,,,,,,,,,,,,,,,,,,,,,,,,,,,,,,23.89,16.8,2.405,1.362,5819.495,,276.045,3.94,,,26.664,,61.15,0.581,35588996,,,,
AIA,North America,anguilla,Anguilla,11/3/2022,3866,0,0,12,0,0,243496.882,0,0,755.81,0,0,,,,,,,,,,,,,,,,,,,,,,,,,,,,,,,,,,,,,,,,,,,,,81.88,,15877,,,,
ATG,North America,antigua and barbuda,Antigua and Barbuda,11/3/2022,9106,0,0,146,0,0,97107.879,0,0,1556.968,0,0,,,,,,,,,,,,,,,,,,,,,,,,,,,,,,,,,231.845,32.1,6.933,4.631,21490.943,,191.511,13.17,,,,3.8,77.02,0.778,93772,,,,
ARG,South America,argentina,Argentina,11/3/2022,9718875,,,129991,,,213553.193,,,2856.297,,,,,,,,,,,,,,,,,,,,,,,,,,,,,,,,,,,16.177,31.9,11.198,7.441,18933.907,0.6,191.032,5.5,16.2,27.7,,5,76.67,0.845,45510324,,,,
ARM,Asia,armenia,Armenia,11/3/2022,445242,,,8709,0,0.429,160131.805,,,3132.202,0,0.154,,,,,,,,,,,,,,,,,,,,,,,,,,,,,,,,,102.931,35.7,11.232,7.571,8787.58,1.8,341.01,7.11,1.5,52.1,94.043,4.2,75.09,0.776,2780472,,,,
ABW,North America,aruba,Aruba,11/3/2022,43379,0,6.429,233,0,0.143,407471.421,0,60.385,2188.636,0,1.342,,,,,,,,,,,,,,,,,,,,,,,,,,,,,,,,,584.8,41.2,13.085,7.452,35973.781,,,11.62,,,,,76.29,,106459,,,,
OWID_ASI,,asia,Asia,11/3/2022,189895620,170183,149087.714,1494733,303,458.857,40220.335,36.045,31.577,316.588,0.064,0.097,,,,,,,,,,,,,,,,,,,,,,,,,,,,,,,,,,,,,,,,,,,,,,,4721383370,,,,
AUS,Oceania,australia,Australia,11/3/2022,10402713,19708,5439.714,15721,43,12.143,397392.752,752.863,207.802,600.556,1.643,0.464,,,,,,,,,,,,,,,,,,,,,,,,,,,,,,,,,3.202,37.9,15.504,10.129,44648.71,0.5,107.791,5.07,13,16.5,,3.84,83.44,0.944,26177410,,,,
AUT,Europe,austria,Austria,11/3/2022,5453038,4663,4533.143,21012,22,9.429,609985.64,521.611,507.085,2350.436,2.461,1.055,,,,,,,,,,,,,,,,,,,,,,,,,,,,,,,,,106.749,44.4,19.202,13.748,45436.686,0.7,145.183,6.35,28.4,30.9,,7.37,81.54,0.922,8939617,,,,
AZE,Asia,azerbaijan,Azerbaijan,11/3/2022,823418,49,45.429,9951,0,1.286,79495.25,4.731,4.386,960.699,0,0.124,,,,,,,,,,,,,,,,,,,,,,,,,,,,,,,,,119.309,32.4,6.018,3.871,15847.419,,559.812,7.11,0.3,42.5,83.241,4.7,73,0.756,10358078,,,,
BHS,North America,bahamas,Bahamas,11/3/2022,37386,0,2.429,833,0,0,91187.812,0,5.924,2031.762,0,0,,,,,,,,,,,,,,,,,,,,,,,,,,,,,,,,,39.497,34.3,8.996,5.2,27717.847,,235.954,13.17,3.1,20.4,,2.9,73.92,0.814,409989,,,,
BHR,Asia,bahrain,Bahrain,11/3/2022,691074,314,294.429,1529,0,0.714,469404.043,213.281,199.987,1038.556,0,0.485,,,,,,,,,,,,,,,,,,,,,,,,,,,,,,,,,1935.907,32.4,2.372,1.387,43290.705,,151.689,16.52,5.8,37.6,,2,77.29,0.852,1472237,,,,
BGD,Asia,bangladesh,Bangladesh,11/3/2022,2035657,140,113,29425,1,1.143,11891.467,0.818,0.66,171.889,0.006,0.007,,,,,,,,,,,,,,,,,,,,,,,,,,,,,,,,,1265.036,27.5,5.098,3.262,3523.984,14.8,298.003,8.38,1,44.7,34.808,0.8,72.59,0.632,171186368,,,,
BRB,North America,barbados,Barbados,11/3/2022,103424,,,560,0,0,367212.742,,,1988.312,0,0,,,,,,,,,,,,,,,,,,,,,,,,,,,,,,,,,664.463,39.8,14.952,9.473,16978.068,,170.05,13.57,1.9,14.5,88.469,5.8,79.19,0.814,281646,,,,
BLR,Europe,belarus,Belarus,11/3/2022,994037,0,0,7118,0,0,104251.871,0,0,746.516,0,0,,,,,,,,,,,,,,,,,,,,,,,,,,,,,,,,,46.858,40.3,14.799,9.788,17167.967,,443.129,5.18,10.5,46.1,,11,74.79,0.823,9534956,,,,
BEL,Europe,belgium,Belgium,11/3/2022,4617315,5076,725.143,32941,39,5.571,396134.652,435.487,62.212,2826.117,3.346,0.478,,,,,,,,,,,,,,,,,,,,,,,,,,,,,,,,,375.564,41.8,18.571,12.849,42658.576,0.2,114.898,4.29,25.1,31.4,,5.64,81.63,0.931,11655923,,,,
BLZ,North America,belize,Belize,11/3/2022,68957,0,2,687,0,0,170144.466,0,4.935,1695.103,0,0,,,,,,,,,,,,,,,,,,,,,,,,,,,,,,,,,16.426,25,3.853,2.279,7824.362,,176.957,17.11,,,90.083,1.3,74.62,0.716,405285,,,,
BEN,Africa,benin,Benin,11/3/2022,27782,0,0,163,0,0,2080.602,0,0,12.207,0,0,,,,,,,,,,,,,,,,,,,,,,,,,,,,,,,,,99.11,18.8,3.244,1.942,2064.236,49.6,235.848,0.99,0.6,12.3,11.035,0.5,61.77,0.545,13352864,,,,
BMU,North America,bermuda,Bermuda,11/3/2022,18428,0,12.571,149,0,0.143,287009.205,0,195.795,2320.619,0,2.225,,,,,,,,,,,,,,,,,,,,,,,,,,,,,,,,,1308.82,,,,50669.315,,139.547,13,,,,,82.59,,64207,,,,
BTN,Asia,bhutan,Bhutan,11/3/2022,62380,0,7,21,0,0,79723.231,0,8.946,26.839,0,0,,,,,,,,,,,,,,,,,,,,,,,,,,,,,,,,,21.188,28.6,4.885,2.977,8708.597,1.5,217.066,9.75,,,79.807,1.7,71.78,0.654,782457,,,,
BOL,South America,bolivia,Bolivia,11/3/2022,1109512,21,29,22239,0,0,90764.206,1.718,2.372,1819.273,0,0,,,,,,,,,,,,,,,,,,,,,,,,,,,,,,,,,10.202,25.4,6.704,4.393,6885.829,7.1,204.299,6.89,,,25.383,1.1,71.51,0.718,12224114,,,,
BES,North America,bonaire sint eustatius and saba,Bonaire Sint Eustatius and Saba,11/3/2022,11467,0,2.429,38,0,0,423887.328,0,89.774,1404.702,0,0,,,,,,,,,,,,,,,,,,,,,,,,,,,,,,,,,,,,,,,,,,,,,77.79,,27052,,,,
BIH,Europe,bosnia and herzegovina,Bosnia and Herzegovina,11/3/2022,400027,34,23.714,16180,3,1.571,123712.166,10.515,7.334,5003.819,0.928,0.486,,,,,,,,,,,,,,,,,,,,,,,,,,,,,,,,,68.496,42.5,16.569,10.711,11713.895,0.2,329.635,10.08,30.2,47.7,97.164,3.5,77.4,0.78,3233530,,,,
BWA,Africa,botswana,Botswana,11/3/2022,326344,0,0,2790,0,0,124071.019,0,0,1060.716,0,0,,,,,,,,,,,,,,,,,,,,,,,,,,,,,,,,,4.044,25.8,3.941,2.242,15807.374,,237.372,4.81,5.7,34.4,,1.8,69.59,0.735,2630300,,,,
BRA,South America,brazil,Brazil,11/3/2022,34846308,9273,4435.714,688267,48,43.571,161839.863,43.067,20.601,3196.581,0.223,0.202,,,,,,,,,,,,,,,,,,,,,,,,,,,,,,,,,25.04,33.5,8.552,5.06,14103.452,3.4,177.961,8.11,10.1,17.9,,2.2,75.88,0.765,215313504,,,,
VGB,North America,british virgin islands,British Virgin Islands,11/3/2022,7305,0,0,64,0,0,233148.219,0,0,2042.64,0,0,,,,,,,,,,,,,,,,,,,,,,,,,,,,,,,,,207.973,,,,,,,13.67,,,,,79.07,,31332,,,,
BRN,Asia,brunei,Brunei,11/3/2022,241044,,,225,0,0,536843.934,,,501.111,0,0,,,,,,,,,,,,,,,,,,,,,,,,,,,,,,,,,81.347,32.4,4.591,2.382,71809.251,,201.285,12.79,2,30.9,,2.7,75.86,0.838,449002,,,,
BGR,Europe,bulgaria,Bulgaria,11/3/2022,1280584,580,463.143,37903,5,6.571,188822.25,85.521,68.29,5588.801,0.737,0.969,,,,,,,,,,,,,,,,,,,,,,,,,,,,,,,,,65.18,44.7,20.801,13.272,18563.307,1.5,424.688,5.81,30.1,44.4,,7.454,75.05,0.816,6781955,,,,
BFA,Africa,burkina faso,Burkina Faso,11/3/2022,21631,0,0,387,0,0,954.01,0,0,17.068,0,0,,,,,,,,,,,,,,,,,,,,,,,,,,,,,,,,,70.151,17.6,2.409,1.358,1703.102,43.7,269.048,2.42,1.6,23.9,11.877,0.4,61.58,0.452,22673764,,,,
BDI,Africa,burundi,Burundi,11/3/2022,50470,0,0,38,0,0,3915.565,0,0,2.948,0,0,,,,,,,,,,,,,,,,,,,,,,,,,,,,,,,,,423.062,17.5,2.562,1.504,702.225,71.7,293.068,6.05,,,6.144,0.8,61.58,0.433,12889583,,,,
KHM,Asia,cambodia,Cambodia,11/3/2022,137995,2,2.286,3056,0,0,8229.737,0.119,0.136,182.254,0,0,,,,,,,,,,,,,,,,,,,,,,,,,,,,,,,,,90.672,25.6,4.412,2.385,3645.07,,270.892,4,2,33.7,66.229,0.8,69.82,0.594,16767851,,,,
CMR,Africa,cameroon,Cameroon,11/3/2022,123629,0,0,1960,0,0,4428.839,0,0,70.214,0,0,,,,,,,,,,,,,,,,,,,,,,,,,,,,,,,,,50.885,18.8,3.165,1.919,3364.926,23.8,244.661,7.2,,,2.735,1.3,59.29,0.563,27914542,,,,
CAN,North America,canada,Canada,11/3/2022,4383367,8612,3009.857,46905,158,48.857,113988.912,223.954,78.271,1219.759,4.109,1.271,,,,,,,,,,,,,,,,,,,,,,,,,,,,,,,,,4.037,41.4,16.984,10.797,44017.591,0.5,105.599,7.37,12,16.6,,2.5,82.43,0.929,38454328,,,,
CPV,Africa,cape verde,Cape Verde,11/3/2022,62516,119,17,410,0,0,105394.479,200.62,28.66,691.211,0,0,,,,,,,,,,,,,,,,,,,,,,,,,,,,,,,,,135.58,25.7,4.46,3.437,6222.554,,182.219,2.42,2.1,16.5,,2.1,72.98,0.665,593162,,,,
CYM,North America,cayman islands,Cayman Islands,11/3/2022,31096,90,12.857,35,1,0.143,452489.741,1309.624,187.089,509.298,14.551,2.079,,,,,,,,,,,,,,,,,,,,,,,,,,,,,,,,,256.496,,,,49903.029,,,13.22,,,,,83.92,,68722,,,,
CAF,Africa,central african republic,Central African Republic,11/3/2022,15260,0,0,113,0,0,2735.185,0,0,20.254,0,0,,,,,,,,,,,,,,,,,,,,,,,,,,,,,,,,,7.479,18.3,3.655,2.251,661.24,,435.727,6.1,,,16.603,1,53.28,0.397,5579148,,,,
TCD,Africa,chad,Chad,11/3/2022,7627,0,1,194,0,0,430.337,0,0.056,10.946,0,0,,,,,,,,,,,,,,,,,,,,,,,,,,,,,,,,,11.833,16.7,2.486,1.446,1768.153,38.4,280.995,6.1,,,5.818,,54.24,0.398,17723312,,,,
CHL,South America,chile,Chile,11/3/2022,4769638,3709,4632.286,61725,48,16.857,243302.501,189.199,236.296,3148.635,2.449,0.86,,,,,,,,,,,,,,,,,,,,,,,,,,,,,,,,,24.282,35.4,11.087,6.938,22767.037,1.3,127.993,8.46,34.2,41.5,,2.11,80.18,0.851,19603736,,,,
CHN,Asia,china,China,11/3/2022,1042353,3411,2481.286,5226,0,0,731.021,2.392,1.74,3.665,0,0,,,,,,,,,,,,,,,,,,,,,,,,,,,,,,,,,147.674,38.7,10.641,5.929,15308.712,0.7,261.899,9.74,1.9,48.4,,4.34,76.91,0.761,1425887360,,,,
COL,South America,colombia,Colombia,11/3/2022,6310332,616,88,141850,13,1.857,121647.234,11.875,1.696,2734.509,0.251,0.036,,,,,,,,,,,,,,,,,,,,,,,,,,,,,,,,,44.223,32.2,7.646,4.312,13254.949,4.5,124.24,7.44,4.7,13.5,65.386,1.71,77.29,0.767,51874028,,,,
COM,Africa,comoros,Comoros,11/3/2022,8762,0,0,161,0,0,10471.054,0,0,192.404,0,0,,,,,,,,,,,,,,,,,,,,,,,,,,,,,,,,,437.352,20.4,2.963,1.726,1413.89,18.1,261.516,11.88,4.4,23.6,15.574,2.2,64.32,0.554,836783,,,,
COG,Africa,congo,Congo,11/3/2022,24837,0,0,386,0,0,4160.002,0,0,64.652,0,0,,,,,,,,,,,,,,,,,,,,,,,,,,,,,,,,,15.405,19,3.402,2.063,4881.406,37,344.094,7.2,1.7,52.3,47.964,,64.57,0.574,5970430,,,,
COK,Oceania,cook islands,Cook Islands,11/3/2022,6389,0,0,1,0,0,375117.426,0,0,58.713,0,0,,,,,,,,,,,,,,,,,,,,,,,,,,,,,,,,,,,,,,,,,,,,,76.25,,17032,,,,
CRI,North America,costa rica,Costa Rica,11/3/2022,1135713,,,8999,0,1.286,219214.235,,,1736.978,0,0.248,,,,,,,,,,,,,,,,,,,,,,,,,,,,,,,,,96.079,33.6,9.468,5.694,15524.995,1.3,137.973,8.78,6.4,17.4,83.841,1.13,80.28,0.81,5180836,,,,
CIV,Africa,cote d'ivoire,Cote d'Ivoire,11/3/2022,87822,41,13,828,1,0.143,3118.618,1.456,0.462,29.403,0.036,0.005,,,,,,,,,,,,,,,,,,,,,,,,,,,,,,,,,76.399,18.7,2.933,1.582,3601.006,28.2,303.74,2.42,,,19.351,,57.78,0.538,28160548,,,,
HRV,Europe,croatia,Croatia,11/3/2022,1247678,436,233.286,17165,9,6.857,309569.788,108.179,57.882,4258.924,2.233,1.701,,,,,,,,,,,,,,,,,,,,,,,,,,,,,,,,,73.726,44,19.724,13.053,22669.797,0.7,253.782,5.59,34.3,39.9,,5.54,78.49,0.851,4030361,,,,
CUB,North America,cuba,Cuba,11/3/2022,1111290,3,1.714,8530,0,0,99114.375,0.268,0.153,760.779,0,0,,,,,,,,,,,,,,,,,,,,,,,,,,,,,,,,,110.408,43.1,14.738,9.719,,,190.968,8.27,17.1,53.3,85.198,5.2,78.8,0.783,11212198,,,,
CUW,North America,curacao,Curacao,11/3/2022,45489,0,3.143,293,0,0.429,237946.781,0,16.44,1532.643,0,2.242,,,,,,,,,,,,,,,,,,,,,,,,,,,,,,,,,362.644,41.7,16.367,10.068,,,,11.62,,,,,78.88,,191173,,,,
CYP,Europe,cyprus,Cyprus,11/3/2022,599118,,,1194,0,0.429,668653.258,,,1332.579,0,0.478,,,,,,,,,,,,,,,,,,,,,,,,,,,,,,,,,127.657,37.3,13.416,8.563,32415.132,,141.171,9.24,19.6,52.7,,3.4,80.98,0.887,896007,,,,
CZE,Europe,czechia,Czechia,11/3/2022,4160242,804,535,41624,11,8.143,396440.439,76.615,50.982,3966.461,1.048,0.776,,,,,,,,,,,,,,,,,,,,,,,,,,,,,,,,,137.176,43.3,19.027,11.58,32605.906,,227.485,6.82,30.5,38.3,,6.63,79.38,0.9,10493990,,,,
COD,Africa,democratic republic of congo,Democratic Republic of Congo,11/3/2022,93086,0,8.429,1445,0,0,940.166,0,0.085,14.594,0,0,,,,,,,,,,,,,,,,,,,,,,,,,,,,,,,,,35.879,17,3.02,1.745,808.133,77.1,318.949,6.1,,,4.472,,60.68,0.48,99010216,,,,
DNK,Europe,denmark,Denmark,11/3/2022,3336890,632,717.857,7375,12,9,567280.359,107.442,122.038,1253.77,2.04,1.53,,,,,,,,,,,,,,,,,,,,,,,,,,,,,,,,,136.52,42.3,19.677,12.325,46682.515,0.2,114.767,6.41,19.3,18.8,,2.5,80.9,0.94,5882259,,,,
DJI,Africa,djibouti,Djibouti,11/3/2022,15690,0,0,189,0,0,13998.292,0,0,168.622,0,0,,,,,,,,,,,,,,,,,,,,,,,,,,,,,,,,,41.285,25.4,4.213,2.38,2705.406,22.5,258.037,6.05,1.7,24.5,,1.4,67.11,0.524,1120851,,,,
DMA,North America,dominica,Dominica,11/3/2022,15760,0,0,74,0,0,216608.483,0,0,1017.07,0,0,,,,,,,,,,,,,,,,,,,,,,,,,,,,,,,,,98.567,,,,9673.367,,227.376,11.62,,,,3.8,75,0.742,72758,,,,
DOM,North America,dominican republic,Dominican Republic,11/3/2022,647425,,,4384,0,0,57657.433,,,390.424,0,0,,,,,,,,,,,,,,,,,,,,,,,,,,,,,,,,,222.873,27.6,6.981,4.419,14600.861,1.6,266.653,8.2,8.5,19.1,55.182,1.6,74.08,0.756,11228821,,,,
ECU,South America,ecuador,Ecuador,11/3/2022,1008035,0,0,35920,0,0,55998.827,0,0,1995.444,0,0,,,,,,,,,,,,,,,,,,,,,,,,,,,,,,,,,66.939,28.1,7.104,4.458,10581.936,3.6,140.448,5.55,2,12.3,80.635,1.5,77.01,0.759,18001002,,,,
EGY,Africa,egypt,Egypt,11/3/2022,515645,0,0,24798,0,0,4645.865,0,0,223.425,0,0,,,,,,,,,,,,,,,,,,,,,,,,,,,,,,,,,97.999,25.3,5.159,2.891,10550.206,1.3,525.432,17.31,0.2,50.1,89.827,1.6,71.99,0.707,110990096,,,,
SLV,North America,el salvador,El Salvador,11/3/2022,201785,0,0,4230,0,0,31845.405,0,0,667.572,0,0,,,,,,,,,,,,,,,,,,,,,,,,,,,,,,,,,307.811,27.6,8.273,5.417,7292.458,2.2,167.295,8.87,2.5,18.8,90.65,1.3,73.32,0.673,6336393,,,,
GNQ,Africa,equatorial guinea,Equatorial Guinea,11/3/2022,17174,0,0.429,183,0,0,10253.649,0,0.256,109.259,0,0,,,,,,,,,,,,,,,,,,,,,,,,,,,,,,,,,45.194,22.4,2.846,1.752,22604.873,,202.812,7.78,,,24.64,2.1,58.74,0.592,1674916,,,,
ERI,Africa,eritrea,Eritrea,11/3/2022,10189,0,0.286,103,0,0,2765.713,0,0.078,27.958,0,0,,,,,,,,,,,,,,,,,,,,,,,,,,,,,,,,,44.304,19.3,3.607,2.171,1510.459,,311.11,6.05,0.2,11.4,,0.7,66.32,0.459,3684041,,,,
EST,Europe,estonia,Estonia,11/3/2022,607300,,,2748,0,1.286,457971.863,,,2072.298,0,0.97,,,,,,,,,,,,,,,,,,,,,,,,,,,,,,,,,31.033,42.7,19.452,13.491,29481.252,0.5,255.569,4.02,24.5,39.3,,4.69,78.74,0.892,1326064,,,,
SWZ,Africa,eswatini,Eswatini,11/3/2022,73558,0,4.571,1422,0,0,61212.636,0,3.804,1183.343,0,0,,,,,,,,,,,,,,,,,,,,,,,,,,,,,,,,,79.492,21.5,3.163,1.845,7738.975,,333.436,3.94,1.7,16.5,24.097,2.1,60.19,0.611,1201680,,,,
ETH,Africa,ethiopia,Ethiopia,11/3/2022,493996,8,12,7572,0,0,4003.86,0.065,0.097,61.371,0,0,,,,,,,,,,,,,,,,,,,,,,,,,,,,,,,,,104.957,19.8,3.526,2.063,1729.927,26.7,182.634,7.47,0.4,8.5,7.96,0.3,66.6,0.485,123379928,,,,
OWID_EUR,,europe,Europe,11/3/2022,236705061,186276,110384.571,1964728,1682,617.143,317806.903,250.099,148.205,2637.899,2.258,0.829,,,,,,,,,,,,,,,,,,,,,,,,,,,,,,,,,,,,,,,,,,,,,,,744807803,,,,
OWID_EUN,,european union,European Union,11/3/2022,174263325,130828,92292.714,1163392,683,394.286,387125.55,290.634,205.028,2584.472,1.517,0.876,,,,,,,,,,,,,,,,,,,,,,,,,,,,,,,,,,,,,,,,,,,,,,,450146793,,,,
FRO,Europe,faeroe islands,Faeroe Islands,11/3/2022,34658,0,0,28,0,0,652484.139,0,0,527.138,0,0,,,,,,,,,,,,,,,,,,,,,,,,,,,,,,,,,35.308,,,,,,,,,,,,80.67,,53117,,,,
FLK,South America,falkland islands,Falkland Islands,11/3/2022,1930,0,0,,,,507761.115,0,0,,,,,,,,,,,,,,,,,,,,,,,,,,,,,,,,,,,,,,,,,,,,,,,,81.44,,3801,,,,
FJI,Oceania,fiji,Fiji,11/3/2022,68270,6,0.857,878,0,0,73426.84,6.453,0.922,944.321,0,0,,,,,,,,,,,,,,,,,,,,,,,,,,,,,,,,,49.562,28.6,6.224,3.284,8702.975,1.4,412.82,14.49,10.2,34.8,,2.3,67.44,0.743,929769,,,,
FIN,Europe,finland,Finland,11/3/2022,1360721,11984,1712,6741,173,24.714,245584.484,2162.886,308.984,1216.623,31.223,4.46,,,,,,,,,,,,,,,,,,,,,,,,,,,,,,,,,18.136,42.8,21.228,13.264,40585.721,,153.507,5.76,18.3,22.6,,3.28,81.91,0.938,5540745,,,,
FRA,Europe,france,France,11/3/2022,36952950,42025,20853,157268,55,61.143,544924.277,619.719,307.507,2319.142,0.811,0.902,,,,,,,,,,,,,,,,,,,,,,,,,,,,,,,,,122.578,42,19.718,13.079,38605.671,,86.06,4.77,30.1,35.6,,5.98,82.66,0.901,67813000,,,,
PYF,Oceania,french polynesia,French Polynesia,11/3/2022,76764,0,0.857,649,0,0,250623.588,0,2.798,2118.893,0,0,,,,,,,,,,,,,,,,,,,,,,,,,,,,,,,,,77.324,32.7,7.775,4.593,,,,22.63,,,,,77.66,,306292,,,,
GAB,Africa,gabon,Gabon,11/3/2022,48945,0,4.429,306,0,0,20487.677,0,1.854,128.087,0,0,,,,,,,,,,,,,,,,,,,,,,,,,,,,,,,,,7.859,23.1,4.45,2.976,16562.413,3.4,259.967,7.2,,,,6.3,66.47,0.703,2388997,,,,
GMB,Africa,gambia,Gambia,11/3/2022,12580,0,10.286,372,0,0,4648.937,0,3.801,137.473,0,0,,,,,,,,,,,,,,,,,,,,,,,,,,,,,,,,,207.566,17.5,2.339,1.417,1561.767,10.1,331.43,1.91,0.7,31.2,7.876,1.1,62.05,0.496,2705995,,,,
GEO,Asia,georgia,Georgia,11/3/2022,1780691,0,0,16900,0,0,475563.01,0,0,4513.425,0,0,,,,,,,,,,,,,,,,,,,,,,,,,,,,,,,,,65.032,38.7,14.864,10.244,9745.079,4.2,496.218,7.11,5.3,55.5,,2.6,73.77,0.812,3744385,,,,
DEU,Europe,germany,Germany,11/3/2022,35784912,56635,37357.143,154328,233,135.857,429230.907,679.322,448.089,1851.125,2.795,1.63,,,,,,,,5553,66.607,,,,,,,,,,,,,,,,,,,,,,,,237.016,46.6,21.453,15.957,45229.245,,156.139,8.31,28.2,33.1,,8,81.33,0.947,83369840,,,,
GHA,Africa,ghana,Ghana,11/3/2022,170894,187,45.857,1460,0,0,5104.991,5.586,1.37,43.614,0,0,,,,,,,,,,,,,,,,,,,,,,,,,,,,,,,,,126.719,21.1,3.385,1.948,4227.63,12,298.245,4.97,0.3,7.7,41.047,0.9,64.07,0.611,33475870,,,,
GIB,Europe,gibraltar,Gibraltar,11/3/2022,20121,0,0,108,0,0,615754.2,0,0,3305.077,0,0,,,,,,,,,,,,,,,,,,,,,,,,,,,,,,,,,3457.1,,,,,,,,,,,,79.93,,32677,,,,
GRC,Europe,greece,Greece,11/3/2022,5188890,,,33750,,,499653.73,,,3249.888,,,,,,,,,,,,,,,,,,,,,,,,,,,,,,,,,,,83.479,45.3,20.396,14.524,24574.382,1.5,175.695,4.55,35.3,52,,4.21,82.24,0.888,10384972,,,,
GRL,North America,greenland,Greenland,11/3/2022,11971,0,0,21,0,0,211898.609,0,0,371.721,0,0,,,,,,,,,,,,,,,,,,,,,,,,,,,,,,,,,0.137,,,,,,199.941,2.16,,,,,71.7,,56494,,,,
GRD,North America,grenada,Grenada,11/3/2022,19604,13,1.857,237,0,0,156258.22,103.62,14.803,1889.063,0,0,,,,,,,,,,,,,,,,,,,,,,,,,,,,,,,,,317.132,29.4,7.304,5.021,13593.877,,243.964,10.71,,,,3.7,72.4,0.779,125459,,,,
GTM,North America,guatemala,Guatemala,11/3/2022,1141290,618,288,19897,2,2.429,63959.622,34.634,16.14,1115.058,0.112,0.136,,,,,,,,,,,,,,,,,,,,,,,,,,,,,,,,,157.834,22.9,4.694,3.016,7423.808,8.7,155.898,10.18,,,76.665,0.6,74.3,0.663,17843914,,,,
GIN,Africa,guinea,Guinea,11/3/2022,38047,0,0,456,0,0,2745.223,0,0,32.902,0,0,,,,,,,,,,,,,,,,,,,,,,,,,,,,,,,,,51.755,19,3.135,1.733,1998.926,35.3,336.717,2.42,,,17.45,0.3,61.6,0.477,13859349,,,,
GNB,Africa,guinea-bissau,Guinea-Bissau,11/3/2022,8848,0,0,176,0,0,4202.168,0,0,83.587,0,0,,,,,,,,,,,,,,,,,,,,,,,,,,,,,,,,,66.191,19.4,3.002,1.565,1548.675,67.1,382.474,2.42,,,6.403,,58.32,0.48,2105580,,,,
GUY,South America,guyana,Guyana,11/3/2022,71438,0,0.286,1281,0,0,88333.888,0,0.353,1583.971,0,0,,,,,,,,,,,,,,,,,,,,,,,,,,,,,,,,,3.952,26.3,5.305,2.837,7435.047,,373.159,11.62,,,77.159,1.6,69.91,0.682,808727,,,,
HTI,North America,haiti,Haiti,11/3/2022,33828,17,2.429,860,3,0.429,2919.982,1.467,0.21,74.234,0.259,0.037,,,,,,,,,,,,,,,,,,,,,,,,,,,,,,,,,398.448,24.3,4.8,2.954,1653.173,23.5,430.548,6.65,2.9,23.1,22.863,0.7,64,0.51,11585003,,,,
OWID_HIC,,high income,High income,11/3/2022,393987398,415021,290343.857,2711726,2441,1038.714,315060.214,331.88,232.18,2168.488,1.952,0.831,,,,,,,,,,,,,,,,,,,,,,,,,,,,,,,,,,,,,,,,,,,,,,,1250514600,,,,
HND,North America,honduras,Honduras,11/3/2022,457196,,,11039,0,0.286,43822.699,,,1058.099,0,0.027,,,,,,,,,,,,,,,,,,,,,,,,,,,,,,,,,82.805,24.9,4.652,2.883,4541.795,16,240.208,7.21,2,,84.169,0.7,75.27,0.634,10432858,,,,
HKG,Asia,hong kong,Hong Kong,11/3/2022,1933080,5245,5055.286,10428,10,10,258127.302,700.373,675.04,1392.468,1.335,1.335,,,,,,,,,,,,,,,,,,,,,,,,,,,,,,,,,7039.714,44.8,16.303,10.158,56054.92,,,8.33,,,,,84.86,0.949,7488863,,,,
HUN,Europe,hungary,Hungary,11/3/2022,2141513,0,0,47938,0,0,214853.786,0,0,4809.525,0,0,,,,,,,,,,,,,,,,,,,,,,,,,,,,,,,,,108.043,43.4,18.577,11.976,26777.561,0.5,278.296,7.55,26.8,34.8,,7.02,76.88,0.854,9967304,,,,
ISL,Europe,iceland,Iceland,11/3/2022,206571,,,219,0,0.857,553953.709,,,587.284,0,2.299,,,,,,,,,,,,,,,,,,,,,,,,,,,,,,,,,3.404,37.3,14.431,9.207,46482.958,0.2,117.992,5.31,14.3,15.2,,2.91,82.99,0.949,372903,,,,
IND,Asia,india,India,11/3/2022,44658365,2439,1325.286,530479,18,211.429,31512.286,1.721,0.935,374.322,0.013,0.149,,,,,,,,,,,,,,,,,,,,,,,,,,,,,,,,,450.419,28.2,5.989,3.414,6426.674,21.2,282.28,10.39,1.9,20.6,59.55,0.53,69.66,0.645,1417173120,,,,
IDN,Asia,indonesia,Indonesia,11/3/2022,6507610,4951,3694.429,158737,42,30.714,23620.974,17.971,13.41,576.175,0.152,0.111,,,,,,,,,,,,,,,,,,,,,,,,,,,,,,,,,145.725,29.3,5.319,3.053,11188.744,5.7,342.864,6.32,2.8,76.1,64.204,1.04,71.72,0.718,275501344,,,,
OWID_INT,,international,International,11/3/2022,721,0,0,15,0,0,,,,,,,,,,,,,,,,,,,,,,,,,,,,,,,,,,,,,,,,,,,,,,,,,,,,,,,,,
IRN,Asia,iran,Iran,11/3/2022,7557962,157,118.286,144583,3,3,85351.931,1.773,1.336,1632.773,0.034,0.034,,,,,,,,,,,,,,,,,,,,,,,,,,,,,,,,,49.831,32.4,5.44,3.182,19082.62,0.2,270.308,9.59,0.8,21.1,,1.5,76.68,0.783,88550568,,,,
IRQ,Asia,iraq,Iraq,11/3/2022,2461484,,,25358,0,0,55319.066,,,569.892,0,0,,,,,,,,,,,,,,,,,,,,,,,,,,,,,,,,,88.125,20,3.186,1.957,15663.986,2.5,218.612,8.83,,,94.576,1.4,70.6,0.674,44496124,,,,
IRL,Europe,ireland,Ireland,11/3/2022,1673665,,,8066,,,333193.115,,,1605.779,,,,,,,,,,,,,,,,,,,,,,,,,,,,,,,,,,,69.874,38.7,13.928,8.678,67335.293,0.2,126.459,3.28,23,25.7,,2.96,82.3,0.955,5023108,,,,
IMN,Europe,isle of man,Isle of Man,11/3/2022,38008,0,0,116,0,0,449617.905,0,0,1372.229,0,0,,,,,,,,,,,,,,,,,,,,,,,,,,,,,,,,,147.872,,,,,,,,,,,,81.4,,84534,,,,
ISR,Asia,israel,Israel,11/3/2022,4687132,1072,845,11767,1,1.286,496045.296,113.451,89.427,1245.317,0.106,0.136,,,,,,,,,,,,,,,,,,,,,,,,,,,,,,,,,402.606,30.6,11.733,7.359,33132.32,0.5,93.32,6.74,15.4,35.4,,2.99,82.97,0.919,9449000,,,,
ITA,Europe,italy,Italy,11/3/2022,23531023,,,179101,,,398577.754,,,3033.683,,,,,,,,,,,,,,,,,,,,,,,,,,,,,,,,,,,205.859,47.9,23.021,16.24,35220.084,2,113.151,4.78,19.8,27.8,,3.18,83.51,0.892,59037472,,,,
JAM,North America,jamaica,Jamaica,11/3/2022,151931,0,0,3320,0,0,53735.576,0,0,1174.231,0,0,,,,,,,,,,,,,,,,,,,,,,,,,,,,,,,,,266.879,31.4,9.684,6.39,8193.571,,206.537,11.28,5.3,28.6,66.425,1.7,74.47,0.734,2827382,,,,
JPN,Asia,japan,Japan,11/3/2022,22527741,67473,49982.571,46956,69,52.143,181746.13,544.349,403.242,378.825,0.557,0.421,,,,,,,,,,,,,,,,,,,,,,,,,,,,,,,,,347.778,48.2,27.049,18.493,39002.223,,79.37,5.72,11.2,33.7,,13.05,84.63,0.919,123951696,,,,
JOR,Asia,jordan,Jordan,11/3/2022,1746997,0,0,14122,0,0,154794.998,0,0,1251.299,0,0,,,,,,,,,,,,,,,,,,,,,,,,,,,,,,,,,109.285,23.2,3.81,2.361,8337.49,0.1,208.257,11.75,,,,1.4,74.53,0.729,11285875,,,,
KAZ,Asia,kazakhstan,Kazakhstan,11/3/2022,1484932,,,19052,0,0,76550.786,,,982.163,0,0,,,,,,,,,,,,,,,,,,,,,,,,,,,,,,,,,6.681,30.6,6.991,4.625,24055.588,0.1,466.792,7.11,7,43.1,98.999,6.7,73.6,0.825,19397998,,,,
KEN,Africa,kenya,Kenya,11/3/2022,339350,0,54.286,5678,0,0,6281.062,0,1.005,105.095,0,0,,,,,,,,,,,,,,,,,,,,,,,,,,,,,,,,,87.324,20,2.686,1.528,2993.028,36.8,218.637,2.92,1.2,20.4,24.651,1.4,66.7,0.601,54027484,,,,
KIR,Oceania,kiribati,Kiribati,11/3/2022,3430,0,0,13,0,0,26135.922,0,0,99.057,0,0,,,,,,,,,,,,,,,,,,,,,,,,,,,,,,,,,143.701,23.2,3.895,2.21,1981.132,,434.657,22.66,35.9,58.9,,1.9,68.37,0.63,131237,,,,
OWID_KOS,Europe,kosovo,Kosovo,11/3/2022,272174,7,3,3202,0,0,152725.273,3.928,1.683,1796.742,0,0,,,,,,,,,,,,,,,,,,,,,,,,,,,,,,,,,168.155,,,,9795.834,0.6,,,,,,,,,1782115,,,,
KWT,Asia,kuwait,Kuwait,11/3/2022,662073,,,2568,0,0.286,155092.687,,,601.562,0,0.067,,,,,,,,,,,,,,,,,,,,,,,,,,,,,,,,,232.128,33.7,2.345,1.114,65530.537,,132.235,15.84,2.7,37,,2,75.49,0.806,4268886,,,,
KGZ,Asia,kyrgyzstan,Kyrgyzstan,11/3/2022,206452,0,7.571,2991,0,0,31136.148,0,1.142,451.089,0,0,,,,,,,,,,,,,,,,,,,,,,,,,,,,,,,,,32.333,26.3,4.489,2.882,3393.474,1.4,436.362,7.11,3.6,50.5,89.22,4.5,71.45,0.697,6630621,,,,
LAO,Asia,laos,Laos,11/3/2022,216265,5,6,758,0,0,28722.446,0.664,0.797,100.671,0,0,,,,,,,,,,,,,,,,,,,,,,,,,,,,,,,,,29.715,24.4,4.029,2.322,6397.36,22.7,368.111,4,7.3,51.2,49.839,1.5,67.92,0.613,7529477,,,,
LVA,Europe,latvia,Latvia,11/3/2022,953835,498,452.429,6058,2,1.143,515404.284,269.094,244.47,3273.437,1.081,0.618,,,,,,,,,,,,,,,,,,,,,,,,,,,,,,,,,31.212,43.9,19.754,14.136,25063.846,0.7,350.06,4.91,25.6,51,,5.57,75.29,0.866,1850654,,,,
LBN,Asia,lebanon,Lebanon,11/3/2022,1218923,113,93.571,10710,1,1.143,222036.401,20.584,17.045,1950.911,0.182,0.208,,,,,,,,,,,,,,,,,,,,,,,,,,,,,,,,,594.561,31.1,8.514,5.43,13367.565,,266.591,12.71,26.9,40.7,,2.9,78.93,0.744,5489744,,,,
LSO,Africa,lesotho,Lesotho,11/3/2022,34490,0,0,706,0,0,14957.764,0,0,306.181,0,0,,,,,,,,,,,,,,,,,,,,,,,,,,,,,,,,,73.562,22.2,4.506,2.647,2851.153,59.6,405.126,3.94,0.4,53.9,2.117,,54.33,0.527,2305826,,,,
LBR,Africa,liberia,Liberia,11/3/2022,7996,0,1.143,294,0,0,1507.914,0,0.216,55.444,0,0,,,,,,,,,,,,,,,,,,,,,,,,,,,,,,,,,49.127,19.2,3.057,1.756,752.788,38.6,272.509,2.42,1.5,18.1,1.188,0.8,64.1,0.48,5302690,,,,
LBY,Africa,libya,Libya,11/3/2022,507051,0,2.429,6437,0,0,74431.209,0,0.356,944.902,0,0,,,,,,,,,,,,,,,,,,,,,,,,,,,,,,,,,3.623,29,4.424,2.816,17881.509,,341.862,10.43,,,,3.7,72.91,0.724,6812344,,,,
LIE,Europe,liechtenstein,Liechtenstein,11/3/2022,20663,0,10.714,87,0,0,525041.291,0,272.247,2210.647,0,0,,,,,,,,,,,,,,,,,,,,,,,,,,,,,,,,,237.012,,,,,,,7.77,,,,2.397,82.49,0.919,39355,,,,
LTU,Europe,lithuania,Lithuania,11/3/2022,1268707,36,230.429,9396,3,1.286,461338.27,13.091,83.79,3416.655,1.091,0.468,,,,,,,,,,,,,,,,,,,,,,,,,,,,,,,,,45.135,43.5,19.002,13.778,29524.265,0.7,342.989,3.67,21.3,38,,6.56,75.93,0.882,2750058,,,,
OWID_LIC,,low income,Low income,11/3/2022,2251768,141,257.429,47677,2,0.714,3052.811,0.191,0.349,64.638,0.003,0.001,,,,,,,,,,,,,,,,,,,,,,,,,,,,,,,,,,,,,,,,,,,,,,,737604900,,,,
OWID_LMC,,lower middle income,Lower middle income,11/3/2022,96515061,26935,10346.571,1339511,284,314,28121.307,7.848,3.015,390.289,0.083,0.091,,,,,,,,,,,,,,,,,,,,,,,,,,,,,,,,,,,,,,,,,,,,,,,3432097300,,,,
LUX,Europe,luxembourg,Luxembourg,11/3/2022,302868,647,158.143,1146,1,0.286,467676.857,999.072,244.198,1769.608,1.544,0.441,,,,,,,,,,,,,,,,,,,,,,,,,,,,,,,,,231.447,39.7,14.312,9.842,94277.965,0.2,128.275,4.42,20.9,26,,4.51,82.25,0.916,647601,,,,
MAC,Asia,macao,Macao,11/3/2022,795,0,0.286,6,0,0,1143.589,0,0.411,8.631,0,0,,,,,,,,,,,,,,,,,,,,,,,,,,,,,,,,,20546.766,39.2,9.798,4.991,104861.851,,,,,,,,84.24,,695180,,,,
MDG,Africa,madagascar,Madagascar,11/3/2022,66749,0,6.143,1411,0,0,2254.141,0,0.207,47.65,0,0,,,,,,,,,,,,,,,,,,,,,,,,,,,,,,,,,43.951,19.6,2.929,1.686,1416.44,77.6,405.994,3.94,,,50.54,0.2,67.04,0.528,29611718,,,,
MWI,Africa,malawi,Malawi,11/3/2022,88073,0,0,2683,0,0,4316.179,0,0,131.485,0,0,,,,,,,,,,,,,,,,,,,,,,,,,,,,,,,,,197.519,18.1,2.979,1.783,1095.042,71.4,227.349,3.94,4.4,24.7,8.704,1.3,64.26,0.483,20405318,,,,
MYS,Asia,malaysia,Malaysia,11/3/2022,4914557,4711,3445.714,36480,0,2.571,144808.938,138.811,101.529,1074.894,0,0.076,,,,,,,,,,,,,,,,,,,,,,,,,,,,,,,,,96.254,29.9,6.293,3.407,26808.164,0.1,260.942,16.74,1,42.4,,1.9,76.16,0.81,33938216,,,,
MDV,Asia,maldives,Maldives,11/3/2022,185364,0,12,308,0,0,353884.513,0,22.91,588.013,0,0,,,,,,,,,,,,,,,,,,,,,,,,,,,,,,,,,1454.433,30.6,4.12,2.875,15183.616,,164.905,9.19,2.1,55,95.803,,78.92,0.74,523798,,,,
MLI,Africa,mali,Mali,11/3/2022,32738,1,2.143,742,0,0,1448.995,0.044,0.095,32.841,0,0,,,,,,,,,,,,,,,,,,,,,,,,,,,,,,,,,15.196,16.4,2.519,1.486,2014.306,,268.024,2.42,1.6,23,52.232,0.1,59.31,0.434,22593598,,,,
MLT,Europe,malta,Malta,11/3/2022,115425,23,18.714,808,0,0,216438.243,43.128,35.092,1515.115,0,0,,,,,,,,,,,,,,,,,,,,,,,,,,,,,,,,,1454.037,42.4,19.426,11.324,36513.323,0.2,168.711,8.83,20.9,30.2,,4.485,82.53,0.895,533293,,,,
MHL,Oceania,marshall islands,Marshall Islands,11/3/2022,15389,0,0,17,0,0,369990.143,0,0,408.723,0,0,,,,,,,,,,,,,,,,,,,,,,,,,,,,,,,,,295.15,,,,3819.202,,557.793,30.53,,,82.502,2.7,73.7,0.704,41593,,,,
MRT,Africa,mauritania,Mauritania,11/3/2022,63385,5,7.429,997,0,0,13383.245,1.056,1.568,210.509,0,0,,,,,,,,,,,,,,,,,,,,,,,,,,,,,,,,,4.289,20.3,3.138,1.792,3597.633,6,232.347,2.42,,,15.95,,64.92,0.546,4736146,,,,
MUS,Africa,mauritius,Mauritius,11/3/2022,265301,,,1032,0,0,204159.67,,,794.165,0,0,,,,,,,,,,,,,,,,,,,,,,,,,,,,,,,,,622.962,37.4,10.945,5.884,20292.745,0.5,224.644,22.02,3.2,40.7,,3.4,74.99,0.804,1299478,,,,
MEX,North America,mexico,Mexico,11/3/2022,7112504,,,330410,,,55782.543,,,2591.367,,,,,,,,,,,,,,,,,,,,,,,,,,,,,,,,,,,66.444,29.3,6.857,4.321,17336.469,2.5,152.783,13.06,6.9,21.4,87.847,1.38,75.05,0.779,127504120,,,,
FSM,Oceania,micronesia (country),Micronesia (country),11/3/2022,22203,0,0,55,0,0,194459.528,0,0,481.704,0,0,,,,,,,,,,,,,,,,,,,,,,,,,,,,,,,,,150.777,23,4.81,2.392,3299.464,16,454.343,12.02,,,,,67.88,0.62,114178,,,,
MDA,Europe,moldova,Moldova,11/3/2022,593816,,,11894,0,1,181429.047,,,3633.983,0,0.306,,,,,,,,,,,,,,,,,,,,,,,,,,,,,,,,,123.655,37.6,10.864,6.955,5189.972,0.2,408.502,5.72,5.9,44.6,86.979,5.8,71.9,0.75,3272993,,,,
MCO,Europe,monaco,Monaco,11/3/2022,14988,25,7.429,65,0,0,410731.413,685.1,203.573,1781.261,0,0,,,,,,,,,,,,,,,,,,,,,,,,,,,,,,,,,19347.5,,,,,,,5.46,,,,13.8,86.75,,36491,,,,
MNG,Asia,mongolia,Mongolia,11/3/2022,985282,170,95.429,2131,0,0,289927.562,50.024,28.081,627.065,0,0,,,,,,,,,,,,,,,,,,,,,,,,,,,,,,,,,1.98,28.6,4.031,2.421,11840.846,0.5,460.043,4.82,5.5,46.5,71.18,7,69.87,0.737,3398373,,,,
MNE,Europe,montenegro,Montenegro,11/3/2022,282973,62,60.571,2787,0,0.286,451253.584,98.871,96.593,4444.395,0,0.456,,,,,,,,,,,,,,,,,,,,,,,,,,,,,,,,,46.28,39.1,14.762,9.395,16409.288,1,387.305,10.08,44,47.9,,3.861,76.88,0.829,627082,,,,
MSR,North America,montserrat,Montserrat,11/3/2022,1403,0,0,8,0,0,317924.315,0,0,1812.826,0,0,,,,,,,,,,,,,,,,,,,,,,,,,,,,,,,,,,,,,,,,,,,,,74.16,,4413,,,,
MAR,Africa,morocco,Morocco,11/3/2022,1265788,56,37.857,16281,0,0,33792.216,1.495,1.011,434.647,0,0,,,,,,,,,,,,,,,,,,,,,,,,,,,,,,,,,80.08,29.6,6.769,4.209,7485.013,1,419.146,7.14,0.8,47.1,,1.1,76.68,0.686,37457976,,,,
MOZ,Africa,mozambique,Mozambique,11/3/2022,230475,0,6.286,2224,0,0,6990.548,0,0.191,67.456,0,0,,,,,,,,,,,,,,,,,,,,,,,,,,,,,,,,,37.728,17.7,3.158,1.87,1136.103,62.9,329.942,3.3,5.1,29.1,12.227,0.7,60.85,0.456,32969520,,,,
MMR,Asia,myanmar,Myanmar,11/3/2022,632014,85,111.286,19484,1,0.571,11665.227,1.569,2.054,359.621,0.018,0.011,,,,,,,,,,,,,,,,,,,,,,,,,,,,,,,,,81.721,29.1,5.732,3.12,5591.597,6.4,202.104,4.61,6.3,35.2,79.287,0.9,67.13,0.583,54179312,,,,
NAM,Africa,namibia,Namibia,11/3/2022,169946,0,5.429,4080,0,0,66203.51,0,2.115,1589.389,0,0,,,,,,,,,,,,,,,,,,,,,,,,,,,,,,,,,3.078,22,3.552,2.085,9541.808,13.4,243.811,3.94,9.7,34.2,44.6,,63.71,0.646,2567024,,,,
NRU,Oceania,nauru,Nauru,11/3/2022,4611,0,0,1,0,0,363328.343,0,0,78.796,0,0,,,,,,,,,,,,,,,,,,,,,,,,,,,,,,,,,682.45,,,,12895.635,,,24.07,43,36.9,,5,59.96,,12691,,,,
NPL,Asia,nepal,Nepal,11/3/2022,1000676,45,21.429,12019,0,0,32757.94,1.473,0.701,393.452,0,0,,,,,,,,,,,,,,,,,,,,,,,,,,,,,,,,,204.43,25,5.809,3.212,2442.804,15,260.797,7.26,9.5,37.8,47.782,0.3,70.78,0.602,30547586,,,,
NLD,Europe,netherlands,Netherlands,11/3/2022,8528467,,,22914,,,485564.637,,,1304.599,,,,,,,,,,,,,,,,,,,,,,,,,,,,,,,,,,,508.544,43.2,18.779,11.881,48472.545,,109.361,5.29,24.4,27.3,,3.32,82.28,0.944,17564020,,,,
NCL,Oceania,new caledonia,New Caledonia,11/3/2022,74440,34,4.857,314,0,0,256725.951,117.258,16.751,1082.912,0,0,,,,,,,,,,,,,,,,,,,,,,,,,,,,,,,,,15.342,33.4,9.954,6.489,,,,23.36,,,,,77.55,,289959,,,,
NZL,Oceania,new zealand,New Zealand,11/3/2022,1851774,,,2106,,,357120.693,,,406.149,,,,,,,,,,,,,,,,,,,,,,,,,,,,,,,,,,,18.206,37.9,15.322,9.72,36085.843,,128.797,8.08,14.8,17.2,,2.61,82.29,0.931,5185289,,,,
NIC,North America,nicaragua,Nicaragua,11/3/2022,15186,0,2.857,245,0,0,2185.541,0,0.411,35.26,0,0,,,,,,,,,,,,,,,,,,,,,,,,,,,,,,,,,51.667,27.3,5.445,3.519,5321.444,3.2,137.016,11.47,,,,0.9,74.48,0.66,6948395,,,,
NER,Africa,niger,Niger,11/3/2022,9428,0,0.429,314,0,0,359.738,0,0.016,11.981,0,0,,,,,,,,,,,,,,,,,,,,,,,,,,,,,,,,,16.955,15.1,2.553,1.378,926,44.5,238.339,2.42,0.1,15.4,8.978,0.3,62.42,0.394,26207982,,,,
NGA,Africa,nigeria,Nigeria,11/3/2022,266138,0,13.571,3155,0,0,1217.793,0,0.062,14.437,0,0,,,,,,,,,,,,,,,,,,,,,,,,,,,,,,,,,209.588,18.1,2.751,1.447,5338.454,,181.013,2.42,0.6,10.8,41.949,,54.69,0.539,218541216,,,,
OWID_NAM,,north america,North America,11/3/2022,115741830,78350,43588.286,1527801,737,356.286,192799.049,130.513,72.608,2544.962,1.228,0.593,,,,,,,,,,,,,,,,,,,,,,,,,,,,,,,,,,,,,,,,,,,,,,,600323657,,,,
PRK,Asia,north korea,North Korea,11/3/2022,1,0,0,6,0,0,0.038,0,0,0.23,0,0,,,,,,,,,,,,,,,,,,,,,,,,,,,,,,,,,211.701,35.3,9.491,6.139,,,321.681,4,,,,13.2,72.27,,26069416,,,,
MKD,Europe,north macedonia,North Macedonia,11/3/2022,344146,0,16.429,9564,0,0,164379.544,0,7.847,4568.195,0,0,,,,,,,,,,,,,,,,,,,,,,,,,,,,,,,,,82.6,39.1,13.26,8.16,13111.214,5,322.688,10.08,,,,4.28,75.8,0.774,2093606,,,,
NOR,Europe,norway,Norway,11/3/2022,1465398,160,125.429,4238,,,269655.987,29.442,23.081,779.858,,,,,,,,,,,,,,,,,,,,,,,,,,,,,,,,,,,14.462,39.7,16.821,10.813,64800.057,0.2,114.316,5.31,19.6,20.7,,3.6,82.4,0.957,5434324,,,,
OWID_OCE,,oceania,Oceania,11/3/2022,12646137,19780,8391.571,20645,43,13.714,280782.795,439.176,186.318,458.382,0.955,0.304,,,,,,,,,,,,,,,,,,,,,,,,,,,,,,,,,,,,,,,,,,,,,,,45038860,,,,
OMN,Asia,oman,Oman,11/3/2022,398775,0,0,4628,0,0,87139.174,0,0,1011.297,0,0,,,,,,,,,,,,,,,,,,,,,,,,,,,,,,,,,14.98,30.7,2.355,1.53,37960.709,,266.342,12.61,0.5,15.6,97.4,1.6,77.86,0.813,4576300,,,,
PAK,Asia,pakistan,Pakistan,11/3/2022,1574235,68,44.714,30627,0,0.286,6675.441,0.288,0.19,129.872,0,0.001,,,,,,,,,,,,,,,,,,,,,,,,,,,,,,,,,255.573,23.5,4.495,2.78,5034.708,4,423.031,8.35,2.8,36.7,59.607,0.6,67.27,0.557,235824864,,,,
PLW,Oceania,palau,Palau,11/3/2022,5513,0,0.571,7,0,0,304855.121,0,31.599,387.083,0,0,,,,,,,,,,,,,,,,,,,,,,,,,,,,,,,,,47.237,,,,13240.405,,,15.89,7.7,22.7,,4.8,73.7,0.826,18084,,,,
PSE,Asia,palestine,Palestine,11/3/2022,703036,0,3.143,5708,0,0,133909.681,0,0.599,1087.222,0,0,,,,,,,,,,,,,,,,,,,,,,,,,,,,,,,,,778.202,20.4,3.043,1.726,4449.898,1,265.91,10.59,,,,,74.05,0.708,5250076,,,,
PAN,North America,panama,Panama,11/3/2022,990413,,,8509,0,0.429,224655.683,,,1930.099,0,0.097,,,,,,,,,,,,,,,,,,,,,,,,,,,,,,,,,55.133,29.7,7.918,5.03,22267.037,2.2,128.346,8.33,2.4,9.9,,2.3,78.51,0.815,4408582,,,,
PNG,Oceania,papua new guinea,Papua New Guinea,11/3/2022,45550,32,22.429,668,0,0,4490.948,3.155,2.211,65.861,0,0,,,,,,,,,,,,,,,,,,,,,,,,,,,,,,,,,18.22,22.6,3.808,2.142,3823.194,,561.494,17.65,23.5,48.8,,,64.5,0.555,10142625,,,,
PRY,South America,paraguay,Paraguay,11/3/2022,717955,,,19601,0,0.429,105881.433,,,2890.685,0,0.063,,,,,,,,,,,,,,,,,,,,,,,,,,,,,,,,13.89,17.144,26.5,6.378,3.833,8827.01,1.7,199.128,8.27,5,21.6,79.602,1.3,74.25,0.728,6780745,,,,
PER,South America,peru,Peru,11/3/2022,4158534,,,217025,,,122131.698,,,6373.792,,,,,,,,,,,,,,,,,,,,,,,,,,,,,,,,,,,25.129,29.1,7.151,4.455,12236.706,3.5,85.755,5.95,4.8,,,1.6,76.74,0.777,34049588,,,,
PHL,Asia,philippines,Philippines,11/3/2022,4006635,795,1058.429,64179,34,36.857,34671.767,6.88,9.159,555.379,0.294,0.319,,,,,,,,,,,,,,,,,,,,,,,,,,,,,,,,,351.873,25.2,4.803,2.661,7599.188,,370.437,7.07,7.8,40.8,78.463,1,71.23,0.718,115559008,,,,
POL,Europe,poland,Poland,11/3/2022,6342404,955,553.286,118143,12,6.857,159128.411,23.961,13.882,2964.161,0.301,0.172,,,,,,,,,,,,,,,,,,,,,,,,,,,,,,,,,124.027,41.8,16.763,10.202,27216.445,,227.331,5.91,23.3,33.1,,6.62,78.73,0.88,39857144,,,,
PRT,Europe,portugal,Portugal,11/3/2022,5520731,,,25228,,,537514.153,,,2456.27,,,,,,,,,,,,,,,,,,,,,,,,,,,,,,,,,,,112.371,46.2,21.502,14.924,27936.896,0.5,127.842,9.85,16.3,30,,3.39,82.05,0.864,10270857,,,,
QAT,Asia,qatar,Qatar,11/3/2022,470433,335,408.429,684,0,0,174549.215,124.298,151.543,253.791,0,0,,,,,,,,,,,,,,,,,,,,,,,,,,,,,,,,,227.322,31.9,1.307,0.617,116935.6,,176.69,16.52,0.8,26.9,,1.2,80.23,0.848,2695131,,,,
ROU,Europe,romania,Romania,11/3/2022,3288315,445,417.286,67203,5,4.143,167265.366,22.636,21.226,3418.387,0.254,0.211,,,,,,,,,,,,,,,,,,,,,,,,,,,,,,,,,85.129,43,17.85,11.69,23313.199,5.7,370.946,9.74,22.9,37.1,,6.892,76.05,0.828,19659270,,,,
RUS,Europe,russia,Russia,11/3/2022,21142507,6321,6406.429,382510,72,72.571,146099.255,43.679,44.27,2643.226,0.498,0.501,,,,,,,,,,,,,,,,,,,,,,,,,,,,,,,,,8.823,39.6,14.178,9.393,24765.954,0.1,431.297,6.18,23.4,58.3,,8.05,72.58,0.824,144713312,,,,
RWA,Africa,rwanda,Rwanda,11/3/2022,132584,0,4,1467,0,0,9623.784,0,0.29,106.484,0,0,,,,,,,,,,,,,,,,,,,,,,,,,,,,,,,,,494.869,20.3,2.974,1.642,1854.211,56,191.375,4.28,4.7,21,4.617,,69.02,0.543,13776702,,,,
SHN,Africa,saint helena,Saint Helena,11/3/2022,2045,0,1.857,,,,378633.586,0,343.852,,,,,,,,,,,,,,,,,,,,,,,,,,,,,,,,,,,,,,,,,,,,,,,,80.56,,5401,,,,
KNA,North America,saint kitts and nevis,Saint Kitts and Nevis,11/3/2022,6549,1,0.143,46,0,0,137350.307,20.973,2.996,964.745,0,0,,,,,,,,,,,,,,,,,,,,,,,,,,,,,,,,,212.865,,,,24654.385,,,12.84,,,,2.3,76.23,0.779,47681,,,,
LCA,North America,saint lucia,Saint Lucia,11/3/2022,29654,0,2.143,407,0,0,164861.679,0,11.913,2262.72,0,0,,,,,,,,,,,,,,,,,,,,,,,,,,,,,,,,,293.187,34.9,9.721,6.405,12951.839,,204.62,11.62,,,87.202,1.3,76.2,0.759,179872,,,,
SPM,North America,saint pierre and miquelon,Saint Pierre and Miquelon,11/3/2022,3231,0,0,1,0,0,549022.94,0,0,169.924,0,0,,,,,,,,,,,,,,,,,,,,,,,,,,,,,,,,,,,,,,,,,,,,,81.07,,5885,,,,
VCT,North America,saint vincent and the grenadines,Saint Vincent and the Grenadines,11/3/2022,9459,0,0.286,116,0,0,90987.793,0,2.748,1115.825,0,0,,,,,,,,,,,,,,,,,,,,,,,,,,,,,,,,,281.787,31.8,7.724,4.832,10727.146,,252.675,11.62,,,,2.6,72.53,0.738,103959,,,,
WSM,Oceania,samoa,Samoa,11/3/2022,15946,0,0,29,0,0,71702.864,0,0,130.402,0,0,,,,,,,,,,,,,,,,,,,,,,,,,,,,,,,,,69.413,22,5.606,3.564,6021.557,,348.977,9.21,16.7,38.1,,,73.32,0.715,222390,,,,
SMR,Europe,san marino,San Marino,11/3/2022,21627,23,8.857,119,0,0,641941.229,682.695,262.901,3532.205,0,0,,,,,,,,,,,,,,,,,,,,,,,,,,,,,,,,,556.667,,,,56861.47,,,5.64,,,,3.8,84.97,,33690,,,,
STP,Africa,sao tome and principe,Sao Tome and Principe,11/3/2022,6270,0,0.571,77,0,0,27573.408,0,2.513,338.621,0,0,,,,,,,,,,,,,,,,,,,,,,,,,,,,,,,,,212.841,18.7,2.886,2.162,3052.714,32.3,270.113,2.42,,,41.34,2.9,70.39,0.625,227393,,,,
SAU,Asia,saudi arabia,Saudi Arabia,11/3/2022,823203,227,237.571,9415,3,2,22609.986,6.235,6.525,258.591,0.082,0.055,,,,,,,,,,,,,,,,,,,,,,,,,,,,,,,,,15.322,31.9,3.295,1.845,49045.411,,259.538,17.72,1.8,25.4,,2.7,75.13,0.854,36408824,,,,
SEN,Africa,senegal,Senegal,11/3/2022,88679,0,0,1968,0,0,5121.084,0,0,113.649,0,0,,,,,,,,,,,,,,,,,,,,,,,,,,,,,,,,,82.328,18.7,3.008,1.796,2470.58,38,241.219,2.42,0.4,16.6,20.859,,67.94,0.512,17316452,,,,
SRB,Europe,serbia,Serbia,11/3/2022,2406834,832,971,17261,5,7.429,350260.866,121.079,141.307,2511.953,0.728,1.081,,,,,,,,,,,,,,,,,,,,,,,,,,,,,,,,,80.291,41.2,17.366,,14048.881,,439.415,10.08,37.7,40.2,97.719,5.609,76,0.806,6871547,,,,
SYC,Africa,seychelles,Seychelles,11/3/2022,49035,0,0,171,0,0,457693.564,0,0,1596.117,0,0,,,,,,,,,,,,,,,,,,,,,,,,,,,,,,,,,208.354,36.2,8.606,5.586,26382.287,1.1,242.648,10.55,7.1,35.7,,3.6,73.4,0.796,107135,,,,
SLE,Africa,sierra leone,Sierra Leone,11/3/2022,7754,0,0,126,0,0,901.028,0,0,14.641,0,0,,,,,,,,,,,,,,,,,,,,,,,,,,,,,,,,,104.7,19.1,2.538,1.285,1390.3,52.2,325.721,2.42,8.8,41.3,19.275,,54.7,0.452,8605723,,,,
SGP,Asia,singapore,Singapore,11/3/2022,2115621,3511,4147.571,1683,1,1.857,375308.274,622.847,735.774,298.562,0.177,0.329,,,,,,,,,,,,,,,,,,,,,,,,,,,,,,,,,7915.731,42.4,12.922,7.049,85535.383,,92.243,10.99,5.2,28.3,,2.4,83.62,0.938,5637022,,,,
SVK,Europe,slovakia,Slovakia,11/3/2022,2644213,439,297.714,20620,6,4.857,468545.067,77.789,52.754,3653.79,1.063,0.861,,,,,,,,,,,,,,,,,,,,,,,,,,,,,,,,,113.128,41.2,15.07,9.167,30155.152,0.7,287.959,7.29,23.1,37.7,,5.82,77.54,0.86,5643455,,,,
SVN,Europe,slovenia,Slovenia,11/3/2022,1235756,1533,683.714,6891,1,1.857,582946.945,723.167,322.531,3250.712,0.472,0.876,,,,,,,,,,,,,,,,,,,,,,,,,,,,,,,,,102.619,44.5,19.062,12.93,31400.84,,153.493,7.25,20.1,25,,4.5,81.32,0.917,2119843,,,,
SLB,Oceania,solomon islands,Solomon Islands,11/3/2022,21544,0,0,153,0,0,29745.731,0,0,211.247,0,0,,,,,,,,,,,,,,,,,,,,,,,,,,,,,,,,,21.841,20.8,3.507,2.043,2205.923,25.1,459.78,18.68,,,35.89,1.4,73,0.567,724272,,,,
SOM,Africa,somalia,Somalia,11/3/2022,27243,0,0.857,1361,0,0,1548.117,0,0.049,77.34,0,0,,,,,,,,,,,,,,,,,,,,,,,,,,,,,,,,,23.5,16.8,2.731,1.496,,,365.769,6.05,,,9.831,0.9,57.4,,17597508,,,,
ZAF,Africa,south africa,South Africa,11/3/2022,4029496,469,334.143,102311,,,67277.253,7.831,5.579,1708.204,,,,,,,,,,,,,,,,,,,,,,,,,,,,,,,,,,,46.754,27.3,5.344,3.053,12294.876,18.9,200.38,5.52,8.1,33.2,43.993,2.32,64.13,0.709,59893884,,,,
OWID_SAM,,south america,South America,11/3/2022,64330296,13644,10245.143,1332629,109,81.714,147270.695,31.235,23.454,3050.774,0.25,0.187,,,,,,,,,,,,,,,,,,,,,,,,,,,,,,,,,,,,,,,,,,,,,,,436816679,,,,
KOR,Asia,south korea,South Korea,11/3/2022,25760701,43424,41958.429,29315,35,30.714,497159.11,838.045,809.761,565.754,0.675,0.593,,,,,,,,,,,,,,,,,,,,,,,,,,,,,,,,,527.967,43.4,13.914,8.622,35938.374,0.2,85.998,6.8,6.2,40.9,,12.27,83.03,0.916,51815808,,,,
SSD,Africa,south sudan,South Sudan,11/3/2022,18318,,,138,0,0,1678.522,,,12.645,0,0,,,,,,,,,,,,,,,,,,,,,,,,,,,,,,,,,,19.2,3.441,2.032,1569.888,,280.775,10.43,,,,,57.85,0.433,10913172,,,,
ESP,Europe,spain,Spain,11/3/2022,13511768,,,115078,,,284107.583,,,2419.708,,,,,,,,,,,,,,,,,,,,,,,,,,,,,,,,,,,93.105,45.5,19.436,13.799,34272.36,1,99.403,7.17,27.4,31.4,,2.97,83.56,0.904,47558632,,,,
LKA,Asia,sri lanka,Sri Lanka,11/3/2022,671302,177,37.857,16782,1,0.714,30748.323,8.107,1.734,768.683,0.046,0.033,,,,,,,,,,,,,,,,,,,,,,,,,,,,,,,,,341.955,34.1,10.069,5.331,11669.077,0.7,197.093,10.68,0.3,27,,3.6,76.98,0.782,21832150,,,,
SDN,Africa,sudan,Sudan,11/3/2022,63509,0,5.143,4972,0,0,1354.882,0,0.11,106.071,0,0,,,,,,,,,,,,,,,,,,,,,,,,,,,,,,,,,23.258,19.7,3.548,2.034,4466.507,,431.388,15.67,,,23.437,0.8,65.31,0.51,46874200,,,,
SUR,South America,suriname,Suriname,11/3/2022,81228,0,6.143,1392,0,0.286,131427.111,0,9.939,2252.26,0,0.462,,,,,,,,,,,,,,,,,,,,,,,,,,,,,,,,,3.612,29.6,6.933,4.229,13767.119,,258.314,12.54,7.4,42.9,67.779,3.1,71.68,0.738,618046,,,,
SWE,Europe,sweden,Sweden,11/3/2022,2614997,3417,488.143,20753,94,13.429,247882.31,323.906,46.272,1967.23,8.911,1.273,,,,,,,,,,,,,,,,,,,,,,,,,,,,,,,,,24.718,41,19.985,13.433,46949.283,0.5,133.982,4.79,18.8,18.9,,2.22,82.8,0.945,10549349,,,,
CHE,Europe,switzerland,Switzerland,11/3/2022,4255891,,,14081,1,2.714,486917.81,,,1611.012,0.114,0.311,,,,,,,,,,,,,,,,,,,,,,,,,,,,,,,,,214.243,43.1,18.436,12.644,57410.166,,99.739,5.59,22.6,28.9,,4.53,83.78,0.955,8740471,,,,
SYR,Asia,syria,Syria,11/3/2022,57365,1,1.286,3163,0,0,2592.74,0.045,0.058,142.959,0,0,,,,,,,,,,,,,,,,,,,,,,,,,,,,,,,,,,21.7,,2.577,,,376.264,,,,70.598,1.5,72.7,0.567,22125242,,,,
TWN,Asia,taiwan,Taiwan,11/3/2022,7810077,29952,31219.429,13010,81,63.857,326871.785,1253.568,1306.613,544.502,3.39,2.673,,,,,,,,,,,,,,,,,,,,,,,,,,,,,,,,,,42.2,,8.353,,,103.957,,,,,,80.46,,23893396,,,,
TJK,Asia,tajikistan,Tajikistan,11/3/2022,17786,0,0,125,0,0,1787.037,0,0,12.559,0,0,,,,,,,,,,,,,,,,,,,,,,,,,,,,,,,,,64.281,23.3,3.466,2.155,2896.913,4.8,427.698,7.11,,,72.704,4.8,71.1,0.668,9952789,,,,
TZA,Africa,tanzania,Tanzania,11/3/2022,40054,,,845,0,0,611.532,,,12.901,0,0,,,,,,,,,,,,,,,,,,,,,,,,,,,,,,,,,64.699,17.7,3.108,1.874,2683.304,49.1,217.288,5.75,3.3,26.7,47.953,0.7,65.46,0.529,65497752,,,,
THA,Asia,thailand,Thailand,11/3/2022,4692448,,,32955,,,65448.295,,,459.643,,,,,,,,,,,,,,,,,,,,,,,,,,,,,,,,,,,135.132,40.1,11.373,6.89,16277.671,0.1,109.861,7.04,1.9,38.8,90.67,2.1,77.15,0.777,71697024,,,,
TLS,Asia,timor,Timor,11/3/2022,23303,0,0.429,138,0,0,17373.47,0,0.32,102.885,0,0,,,,,,,,,,,,,,,,,,,,,,,,,,,,,,,,,87.176,18,3.556,1.897,6570.102,30.3,335.346,6.86,6.3,78.1,28.178,5.9,69.5,0.606,1341298,,,,
TGO,Africa,togo,Togo,11/3/2022,39304,0,1.571,290,0,0,4441.782,0,0.178,32.773,0,0,,,,,,,,,,,,,,,,,,,,,,,,,,,,,,,,,143.366,19.4,2.839,1.525,1429.813,49.2,280.033,6.15,0.9,14.2,10.475,0.7,61.04,0.515,8848700,,,,
TON,Oceania,tonga,Tonga,11/3/2022,16182,0,0,12,0,0,151421.861,0,0,112.289,0,0,,,,,,,,,,,,,,,,,,,,,,,,,,,,,,,,,150.028,22.3,5.82,4.032,5425.621,,227.49,15.42,11.8,44.4,,2.6,70.91,0.725,106867,,,,
TTO,North America,trinidad and tobago,Trinidad and Tobago,11/3/2022,184854,,,4255,0,0.857,120737.301,,,2779.151,0,0.56,,,,,,,,,,,,,,,,,,,,,,,,,,,,,,,,,266.886,36.2,10.014,5.819,28763.071,,228.467,10.97,,,89.443,3,73.51,0.796,1531043,,,,
TUN,Africa,tunisia,Tunisia,11/3/2022,1146593,,,29259,0,0.286,92795.584,,,2367.977,0,0.023,,,,,,,,,,,,,,,,,,,,,,,,,,,,,,,,,74.228,32.7,8.001,5.075,10849.297,2,318.991,8.52,1.1,65.8,78.687,2.3,76.7,0.74,12356116,,,,
TUR,Asia,turkey,Turkey,11/3/2022,16919638,0,0,101203,0,0,198258.619,0,0,1185.863,0,0,,,,,,,,,,,,,,,,,,,,,,,,,,,,,,,,,104.914,31.6,8.153,5.061,25129.341,0.2,171.285,12.13,14.1,41.1,,2.81,77.69,0.82,85341248,,,,
TCA,North America,turks and caicos islands,Turks and Caicos Islands,11/3/2022,6431,2,0.286,36,0,0,140642.085,43.739,6.248,787.298,0,0,,,,,,,,,,,,,,,,,,,,,,,,,,,,,,,,,37.312,,,,,,,,,,,,80.22,,45726,,,,
TUV,Oceania,tuvalu,Tuvalu,11/3/2022,23,0,0,,,,2029.113,0,0,,,,,,,,,,,,,,,,,,,,,,,,,,,,,,,,,,,,373.067,,,,3575.104,3.3,,27.25,,,,,67.57,,11335,,,,
UGA,Africa,uganda,Uganda,11/3/2022,169473,0,11,3630,0,0,3586.761,0,0.233,76.826,0,0,,,,,,,,,,,,,,,,,,,,,,,,,,,,,,,,,213.759,16.4,2.168,1.308,1697.707,41.6,213.333,2.5,3.4,16.7,21.222,0.5,63.37,0.544,47249588,,,,
UKR,Europe,ukraine,Ukraine,11/3/2022,5617643,16432,2406,118064,179,26.571,141496.127,413.886,60.602,2973.774,4.509,0.669,,,,,,,,,,,,,,,,,,,,,,,,,,,,,,,,,77.39,41.4,16.462,11.133,7894.393,0.1,539.849,7.11,13.5,47.4,,8.8,72.06,0.779,39701744,,,,
ARE,Asia,united arab emirates,United Arab Emirates,11/3/2022,1038538,310,311.143,2348,0,0,110001.358,32.835,32.956,248.699,0,0,,,,,,,,,,,,,,,,,,,,,,,,,,,,,,,,,112.442,34,1.144,0.526,67293.483,,317.84,17.26,1.2,37.4,,1.2,77.97,0.89,9441138,,,,
GBR,Europe,united kingdom,United Kingdom,11/3/2022,23930041,31552,4507.429,209947,739,105.571,354472.199,467.375,66.768,3109.914,10.947,1.564,,,,,,,,,,,,,,,,,,,,,,,,,,,,,,,,,272.898,40.8,18.517,12.527,39753.244,0.2,122.137,4.28,20,24.7,,2.54,81.32,0.932,67508936,,,,
USA,North America,united states,United States,11/3/2022,97691083,68994,39046.857,1072222,573,292.714,288779.227,203.949,115.424,3169.536,1.694,0.865,,,,,,,,,,,,,,,,,,,,,,,,,,,,,,,,,35.608,38.3,15.413,9.732,54225.446,1.2,151.089,10.79,19.1,24.6,,2.77,78.86,0.926,338289856,,,,
OWID_UMC,,upper middle income,Upper middle income,11/3/2022,138919095,27030,21653.429,2498537,148,182.429,54997.396,10.701,8.572,989.159,0.059,0.072,,,,,,,,,,,,,,,,,,,,,,,,,,,,,,,,,,,,,,,,,,,,,,,2525921300,,,,
URY,South America,uruguay,Uruguay,11/3/2022,990560,,,7518,0,0.429,289400.829,,,2196.45,0,0.125,,,,,,,,,,,,,,,,,,,,,,,,,,,,,,,,,19.751,35.6,14.655,10.361,20551.409,0.1,160.708,6.93,14,19.9,,2.8,77.91,0.817,3422796,,,,
UZB,Asia,uzbekistan,Uzbekistan,11/3/2022,244716,52,23.571,1637,0,0,7067.07,1.502,0.681,47.274,0,0,,,,,,,,,,,,,,,,,,,,,,,,,,,,,,,,,76.134,28.2,4.469,2.873,6253.104,,724.417,7.57,1.3,24.7,,4,71.72,0.72,34627648,,,,
VUT,Oceania,vanuatu,Vanuatu,11/3/2022,11981,0,0,14,0,0,36667.85,0,0,42.847,0,0,,,,,,,,,,,,,,,,,,,,,,,,,,,,,,,,,22.662,23.1,4.394,2.62,2921.909,13.2,546.3,12.02,2.8,34.5,25.209,,70.47,0.609,326744,,,,
VAT,Europe,vatican,Vatican,11/3/2022,29,0,0,,,,35891.089,0,0,,,,,,,,,,,,,,,,,,,,,,,,,,,,,,,,,,,,,,,,,,,,,,,,75.12,,808,,,,
VEN,South America,venezuela,Venezuela,11/3/2022,545951,25,24.857,5820,0,0,19290.396,0.883,0.878,205.641,0,0,,,,,,,,,,,,,,,,,,,,,,,,,,,,,,,,,36.253,29,6.614,3.915,16745.022,,204.85,6.47,,,,0.8,72.06,0.711,28301700,,,,
VNM,Asia,vietnam,Vietnam,11/3/2022,11504910,819,793.286,43165,0,0.429,117173.627,8.341,8.079,439.621,0,0.004,,,,,,,,,,,,,,,,,,,,,,,,,,,,,,,,,308.127,32.6,7.15,4.718,6171.884,2,245.465,6,1,45.9,85.847,2.6,75.4,0.704,98186856,,,,
WLF,Oceania,wallis and futuna,Wallis and Futuna,11/3/2022,3415,0,0,7,0,0,294498.103,0,0,603.656,0,0,,,,,,,,,,,,,,,,,,,,,,,,,,,,,,,,,,,,,,,,,,,,,79.94,,11596,,,,
OWID_WRL,,world,World,11/3/2022,631707818,469127,322605.571,6597533,2875,1535.857,79209.969,58.824,40.452,827.266,0.36,0.193,,,,,,,,,,,,,,,,,,,,,,,,,,,,,,,,,58.045,30.9,8.696,5.355,15469.207,10,233.07,8.51,6.434,34.635,60.13,2.705,72.58,0.737,7975105024,,,,
YEM,Asia,yemen,Yemen,11/3/2022,11944,0,0.714,2158,0,0,354.457,0,0.021,64.042,0,0,,,,,,,,,,,,,,,,,,,,,,,,,,,,,,,,,53.508,20.3,2.922,1.583,1479.147,18.8,495.003,5.35,7.6,29.2,49.542,0.7,66.12,0.47,33696612,,,,
ZMB,Africa,zambia,Zambia,11/3/2022,333685,1,1.571,4017,0,0,16669.522,0.05,0.079,200.673,0,0,,,,,,,,,,,,,,,,,,,,,,,,,,,,,,,,,22.995,17.7,2.48,1.542,3689.251,57.5,234.499,3.94,3.1,24.7,13.938,2,63.89,0.584,20017670,,,,
ZWE,Africa,zimbabwe,Zimbabwe,11/3/2022,257893,0,0,5606,0,0,15801.745,0,0,343.494,0,0,,,,,,,,,,,,,,,,,,,,,,,,,,,,,,,,,42.729,19.6,2.822,1.882,1899.775,21.4,307.846,1.82,1.6,30.7,36.791,1.7,61.49,0.571,16320539,,,,
